Catholic Church of the Holy Comforter, https://www.ingress.com/intel?ll=38.031745,-78.478592&z=18&pll=38.031796,-78.479439
Congregation Beth Israel, https://www.ingress.com/intel?ll=38.031866,-78.47909&z=21&pll=38.031893,-78.479082
Gen. Alexander Archer Vandegri, https://www.ingress.com/intel?ll=38.031838,-78.478388&z=18&pll=38.03215,-78.478055
Stonewall Jackson Statue, https://www.ingress.com/intel?ll=38.031838,-78.478388&z=18&pll=38.031918,-78.478089
Paul Goodloe McIntire, https://www.ingress.com/intel?ll=38.031838,-78.478388&z=18&pll=38.03165,-78.47841
Merriweather Lewis Placard, https://www.ingress.com/intel?ll=38.031838,-78.478388&z=18&pll=38.031507,-78.477874
Albermarle County Courthouse, https://www.ingress.com/intel?ll=38.031838,-78.478388&z=18&pll=38.0314,-78.4776
Historic Courthouse Square, https://www.ingress.com/intel?ll=38.031838,-78.478388&z=18&pll=38.03156,-78.47735
Site of Old Swan Tavern, https://www.ingress.com/intel?ll=38.031838,-78.478388&z=18&pll=38.03153,-78.4771
Jack Jouett's Ride, https://www.ingress.com/intel?ll=38.031838,-78.478388&z=18&pll=38.03187,-78.47712
Watering Fountains, https://www.ingress.com/intel?ll=38.031838,-78.478388&z=18&pll=38.03114,-78.47704
Historic Jail House, https://www.ingress.com/intel?ll=38.031745,-78.478592&z=18&pll=38.032572,-78.47745
The Kissing Stone, https://www.ingress.com/intel?ll=38.031745,-78.478592&z=18&pll=38.032711,-78.477712
